{
  "baselines_test": {
    "our_model": {
      "MAE": 11273.90625,
      "RMSE": 37135.5703125,
      "MAPE": 1470.43212890625,
      "peak_MAE": 96808.25,
      "n_samples": 4500
    },
    "hist_avg": {
      "MAE": 16908.107421875,
      "RMSE": 35677.76953125,
      "MAPE": 488401.625,
      "peak_MAE": 87539.78125,
      "n_samples": 1777448
    },
    "lstm": {
      "MAE": 18795.64453125,
      "RMSE": 35201.203125,
      "MAPE": 680215.0625,
      "peak_MAE": 82583.1484375,
      "n_samples": 4500
    }
  },
  "leave_one_policy": {
    "dijkstra": {
      "MAE": 11330.6396484375,
      "RMSE": 37691.44921875,
      "MAPE": 1494.505859375,
      "peak_MAE": 99918.1171875,
      "n_samples": 200
    },
    "ecmp": {
      "MAE": 11357.982421875,
      "RMSE": 38253.15234375,
      "MAPE": 1482.1256103515625,
      "peak_MAE": 99093.015625,
      "n_samples": 200
    },
    "queue_aware": {
      "MAE": 11303.0947265625,
      "RMSE": 37257.28515625,
      "MAPE": 1440.0587158203125,
      "peak_MAE": 97292.75,
      "n_samples": 200
    },
    "variance": 502.1121196746826,
    "mean": 11330.572265625
  },
  "note": "精简版P8：3基线test对比+跨策略泛化；路由状态消融跳过(需P4重跑)"
}