{
  "baselines_test": {
    "our_model": {
      "MAE": 3744.64892578125,
      "RMSE": 19837.00390625,
      "MAPE": 199.15794372558594,
      "peak_MAE": 36226.75390625,
      "n_samples": 1500
    },
    "hist_avg": {
      "MAE": 6937.28466796875,
      "RMSE": 18541.62890625,
      "MAPE": 331007.9375,
      "peak_MAE": 32448.626953125,
      "n_samples": 9023520
    },
    "lstm": {
      "MAE": 8135.30322265625,
      "RMSE": 19583.474609375,
      "MAPE": 444597.125,
      "peak_MAE": 30814.52734375,
      "n_samples": 1500
    }
  },
  "leave_one_policy": {
    "dijkstra": {
      "MAE": 1912.37744140625,
      "RMSE": 11453.7236328125,
      "MAPE": 200.41229248046875,
      "peak_MAE": 18948.7578125,
      "n_samples": 200
    },
    "ecmp": {
      "MAE": 2880.3544921875,
      "RMSE": 15022.5087890625,
      "MAPE": 199.57623291015625,
      "peak_MAE": 27995.89453125,
      "n_samples": 200
    },
    "queue_aware": {
      "MAE": 2700.331787109375,
      "RMSE": 13766.53125,
      "MAPE": 199.54034423828125,
      "peak_MAE": 26199.84765625,
      "n_samples": 200
    },
    "variance": 176695.53289947248,
    "mean": 2497.6879069010415
  },
  "note": "精简版P8：3基线test对比+跨策略泛化；路由状态消融跳过(需P4重跑)"
}