{
  "raw_qr": {
    "PICP": 0.914,
    "MPIW": 2.8570728302001953,
    "Coverage_Gap": 0.014000000000000012,
    "Winkler": 4.58747673034668,
    "n": 1000
  },
  "fixed_cqr": {
    "PICP": 0.928,
    "MPIW": 2.857891798019409,
    "Coverage_Gap": 0.028000000000000025,
    "Winkler": 4.587623119354248,
    "n": 1000,
    "q_hat": 0.0004093348979949951
  },
  "sliding_cqr": {
    "PICP": 0.918,
    "MPIW": 2.8574159145355225,
    "Coverage_Gap": 0.018000000000000016,
    "Winkler": 4.587531089782715,
    "n": 1000
  },
  "mar_stratified": {
    "observed_label": {
      "PICP": 0.9240687679083095,
      "MPIW": 2.9290659427642822,
      "Coverage_Gap": 0.024068767908309474,
      "Winkler": 4.608180999755859,
      "n": 698
    },
    "full_ground_truth": {
      "PICP": 0.918,
      "MPIW": 2.8574159145355225,
      "Coverage_Gap": 0.018000000000000016,
      "Winkler": 4.587531089782715,
      "n": 1000
    },
    "high_load": {
      "PICP": 0.7903225806451613,
      "MPIW": 3.071787118911743,
      "Coverage_Gap": -0.10967741935483877,
      "Winkler": 12.367996215820312,
      "n": 186
    },
    "mar_hidden": {
      "PICP": 0.9039735099337748,
      "MPIW": 2.6918141841888428,
      "Coverage_Gap": 0.003973509933774766,
      "Winkler": 4.539802074432373,
      "n": 302
    }
  },
  "width_change": {
    "raw_mpiw": 2.8570728302001953,
    "fixed_mpiw": 2.857891798019409,
    "sliding_mpiw": 2.8574159145355225
  },
  "causal_audit": {
    "no_future_leak": true,
    "note": "滑动CQR update 在 calibrate_at 之后，仅用已到达真值；永久缺失(m=0)不进窗口"
  }
}