{
  "raw_qr": {
    "PICP": 0.959,
    "MPIW": 1.0347317457199097,
    "Coverage_Gap": 0.05899999999999994,
    "Winkler": 2.978349208831787,
    "n": 1000
  },
  "fixed_cqr": {
    "PICP": 0.959,
    "MPIW": 1.0347317457199097,
    "Coverage_Gap": 0.05899999999999994,
    "Winkler": 2.978349208831787,
    "n": 1000,
    "q_hat": 0.0
  },
  "sliding_cqr": {
    "PICP": 0.959,
    "MPIW": 1.0347317457199097,
    "Coverage_Gap": 0.05899999999999994,
    "Winkler": 2.978349208831787,
    "n": 1000
  },
  "mar_stratified": {
    "observed_label": {
      "PICP": 0.9604591836734694,
      "MPIW": 1.0347316265106201,
      "Coverage_Gap": 0.06045918367346936,
      "Winkler": 2.7078135013580322,
      "n": 784
    },
    "full_ground_truth": {
      "PICP": 0.959,
      "MPIW": 1.0347317457199097,
      "Coverage_Gap": 0.05899999999999994,
      "Winkler": 2.978349208831787,
      "n": 1000
    },
    "high_load": {
      "PICP": 0.4875,
      "MPIW": 1.0347316265106201,
      "Coverage_Gap": -0.41250000000000003,
      "Winkler": 25.329952239990234,
      "n": 80
    },
    "mar_hidden": {
      "PICP": 0.9537037037037037,
      "MPIW": 1.0347317457199097,
      "Coverage_Gap": 0.0537037037037037,
      "Winkler": 3.960292339324951,
      "n": 216
    }
  },
  "width_change": {
    "raw_mpiw": 1.0347317457199097,
    "fixed_mpiw": 1.0347317457199097,
    "sliding_mpiw": 1.0347317457199097
  },
  "causal_audit": {
    "no_future_leak": true,
    "note": "滑动CQR update 在 calibrate_at 之后，仅用已到达真值；永久缺失(m=0)不进窗口"
  }
}