{
  "mucar": {
    "train_time_s": 11865.2053232193,
    "eval_mean_reward": -0.3678409374743581,
    "eval_mean_drop": 0.04167236198208262,
    "n_eval_steps": 1000
  },
  "point_mappo": {
    "train_time_s": 11396.03681397438,
    "eval_mean_reward": -0.3681600182625855,
    "eval_mean_drop": 0.04199144277030997,
    "n_eval_steps": 1000
  }
}