{
  "mucar": {
    "train_time_s": 1459.391471862793,
    "eval_mean_reward": -0.6262008614139136,
    "eval_mean_drop": 0.02813070724081506,
    "n_eval_steps": 1000
  },
  "point_mappo": {
    "train_time_s": 1441.6502270698547,
    "eval_mean_reward": -0.6262008614139136,
    "eval_mean_drop": 0.02813070724081506,
    "n_eval_steps": 1000
  }
}