{
  "mucar": {
    "train_time_s": 1580.5073997974396,
    "eval_mean_reward": -0.6262008614139136,
    "eval_mean_drop": 0.02813070724081506,
    "n_eval_steps": 1000
  },
  "point_mappo": {
    "train_time_s": 1608.83638215065,
    "eval_mean_reward": -0.6262008614139136,
    "eval_mean_drop": 0.02813070724081506,
    "n_eval_steps": 1000
  }
}