{
  "S1_mucar": {
    "mean_reward": -0.3650352242273881,
    "mean_drop": 0.03886664877236552,
    "p95_drop": 0.08227014123334593,
    "p99_drop": 0.10691209467718715,
    "mean_delay": 6.523371509100452,
    "p95_delay": 6.523371528495442,
    "p99_delay": 6.52337153664141,
    "n_steps": 500,
    "eval_time_s": 235.9
  },
  "S1_point_mappo": {
    "mean_reward": -0.36541052406097924,
    "mean_drop": 0.039241948605956666,
    "p95_drop": 0.0820362258445178,
    "p99_drop": 0.10691209467718715,
    "mean_delay": 6.523371509100452,
    "p95_delay": 6.523371528495442,
    "p99_delay": 6.52337153664141,
    "n_steps": 500,
    "eval_time_s": 244.1
  },
  "S5_mucar": {
    "mean_reward": -0.37074178071823144,
    "mean_drop": 0.04458219599300206,
    "p95_drop": 0.10280512175659848,
    "p99_drop": 0.13199754739116062,
    "mean_delay": 6.523191694504587,
    "p95_delay": 6.584649998853081,
    "p99_delay": 6.585781586125022,
    "n_steps": 500,
    "eval_time_s": 237.8
  },
  "S5_point_mappo": {
    "mean_reward": -0.3710537090547568,
    "mean_drop": 0.044894124329527496,
    "p95_drop": 0.10280512175659848,
    "p99_drop": 0.13199754739116062,
    "mean_delay": 6.523191694504587,
    "p95_delay": 6.584649998853081,
    "p99_delay": 6.585781586125022,
    "n_steps": 500,
    "eval_time_s": 240.1
  }
}