{
  "S1_mucar": {
    "mean_reward": -0.36377401884112986,
    "mean_drop": 0.03760544338610727,
    "p95_drop": 0.08398161002552254,
    "p99_drop": 0.1068838266629815,
    "mean_delay": 6.523371509100452,
    "p95_delay": 6.523371528495442,
    "p99_delay": 6.52337153664141,
    "n_steps": 500,
    "eval_time_s": 235.3
  },
  "S1_point_mappo": {
    "mean_reward": -0.3638993861732684,
    "mean_drop": 0.03773081071824581,
    "p95_drop": 0.08411165620342428,
    "p99_drop": 0.10869354042748271,
    "mean_delay": 6.523371509100452,
    "p95_delay": 6.523371528495442,
    "p99_delay": 6.52337153664141,
    "n_steps": 500,
    "eval_time_s": 237.6
  },
  "S5_mucar": {
    "mean_reward": -0.37186249424423024,
    "mean_drop": 0.045702909519000856,
    "p95_drop": 0.1056169687747513,
    "p99_drop": 0.1288532847463151,
    "mean_delay": 6.523191694504587,
    "p95_delay": 6.584649998853081,
    "p99_delay": 6.585781586125022,
    "n_steps": 500,
    "eval_time_s": 238.9
  },
  "S5_point_mappo": {
    "mean_reward": -0.3718815032367591,
    "mean_drop": 0.04572191851152975,
    "p95_drop": 0.10561709528831724,
    "p99_drop": 0.1288277197117976,
    "mean_delay": 6.523191694504587,
    "p95_delay": 6.584649998853081,
    "p99_delay": 6.585781586125022,
    "n_steps": 500,
    "eval_time_s": 240.1
  }
}