{
  "S1_mucar": {
    "mean_reward": -0.6224178699415117,
    "mean_drop": 0.024346419416887224,
    "p95_drop": 0.08365712057968716,
    "p99_drop": 0.10808261168697074,
    "mean_delay": 11.96142901049249,
    "p95_delay": 12.023526339261036,
    "p99_delay": 12.046415627709141,
    "n_steps": 500,
    "eval_time_s": 79.6
  },
  "S1_point_mappo": {
    "mean_reward": -0.6224178699415117,
    "mean_drop": 0.024346419416887224,
    "p95_drop": 0.08365712057968716,
    "p99_drop": 0.10808261168697074,
    "mean_delay": 11.96142901049249,
    "p95_delay": 12.023526339261036,
    "p99_delay": 12.046415627709141,
    "n_steps": 500,
    "eval_time_s": 77.4
  },
  "S5_mucar": {
    "mean_reward": -0.6308901414721242,
    "mean_drop": 0.033020230574578806,
    "p95_drop": 0.10691678173416162,
    "p99_drop": 0.14083451584331788,
    "mean_delay": 11.95739821795091,
    "p95_delay": 12.130697937908792,
    "p99_delay": 12.165891259896128,
    "n_steps": 500,
    "eval_time_s": 76.1
  },
  "S5_point_mappo": {
    "mean_reward": -0.6308901414721242,
    "mean_drop": 0.033020230574578806,
    "p95_drop": 0.10691678173416162,
    "p99_drop": 0.14083451584331788,
    "mean_delay": 11.95739821795091,
    "p95_delay": 12.130697937908792,
    "p99_delay": 12.165891259896128,
    "n_steps": 500,
    "eval_time_s": 79.2
  }
}